Component,Old SupremeAI,New SupremeAI 2.0,Why Better
Backend Language,Java 21+,Python 3.11+,"Faster dev, huge ecosystem"
Backend Framework,Spring Boot / Gradle,FastAPI / Flask,"Lightweight, async-native"
AI Model Access,Custom integration only,OpenRouter (100+ models) + HF Free,"No vendor lock-in, instant model switching"
Local AI Models,Not supported,"Ollama (Llama, Mistral, etc.)","Zero cost inference, privacy"
Reasoning Framework,Custom logic,LangGraph (state machine),"Proven pattern, debuggable"
Agent Orchestration,Manual coding,CrewAI (role-based agents),Rapid agent prototyping
Tool Protocol,None (proprietary),MCP (Model Context Protocol),"Industry standard, extensible"
Automation Platform,Firebase Functions,n8n self-hosted + Make.com free,"Visual + code, self-hosted = free"
Visual Workflow,Custom React components,FlowiseAI + LangFlow (self-hosted),Drag-drop AI workflows
Vector Database,Firestore (not vector),ChromaDB (local) / Qdrant,"Optimized for embeddings, free"
Document Store,Firestore,SQLite + JSON,"Zero config, portable"
Memory System,Session-only,Cross-session + Vector RAG,Learns from past interactions
Web Automation,None,browser-use (Python),Automates any web task
Desktop Control,None,computer-use (desktop control),Controls entire computer
Skill Source,Hardcoded scripts,skills.sh + GitHub + npm/pip,"Community-driven, always growing"
Skill Install,Manual copy-paste,Auto-detect + pip/npm install,Zero manual setup
Chat Interface,Custom React app,React + rich CLI + Telegram/Discord,"Multi-platform, voice support"
VS Code Extension,Custom extension,MCP-based extension,"Native MCP, universal tools"
Dashboard,Custom React (GlobalMetricsChart),Grafana + custom metrics,Professional monitoring free
Deployment,Cloud Run + Firebase,Docker + Railway/Render free tier,One-command deploy
Monitoring,Basic logging,Prometheus + Grafana (free),Enterprise-grade observability
Cost (Monthly),$100-200+/mo,$0-30/mo,70-200x cheaper
